date,radar,symbol,score,para15m
12.06.2026 01:03,V13,SKBNK.IS,115,
12.06.2026 01:03,V13,MGROS.IS,98,
12.06.2026 01:03,V13,BIMAS.IS,92,
12.06.2026 01:03,V13,ASELS.IS,90,
12.06.2026 01:03,V13,REEDR.IS,88,
12.06.2026 01:03,V13,SAHOL.IS,86,
12.06.2026 01:18,V13,SKBNK.IS,115,
12.06.2026 01:18,V13,MGROS.IS,98,
12.06.2026 01:18,V13,BIMAS.IS,92,
12.06.2026 01:18,V13,ASELS.IS,90,
12.06.2026 01:18,V13,REEDR.IS,88,
12.06.2026 01:18,V13,SAHOL.IS,86,
12.06.2026 01:56,V9,ODINE.IS,125,
12.06.2026 01:56,V9,KGYO.IS,118,
12.06.2026 01:56,V9,ETYAT.IS,115,
12.06.2026 01:56,V9,AYEN.IS,115,
12.06.2026 01:56,V9,SKBNK.IS,115,
12.06.2026 01:56,V9,AKCNS.IS,107,
12.06.2026 01:56,V9,AKFIS.IS,107,
12.06.2026 01:56,V9,DMRGD.IS,107,
12.06.2026 01:56,V9,GEDIK.IS,107,
12.06.2026 01:56,V9,GOKNR.IS,105,
12.06.2026 01:56,V13,SKBNK.IS,115,
12.06.2026 01:56,V13,MGROS.IS,98,
12.06.2026 01:56,V13,BIMAS.IS,92,
12.06.2026 01:56,V13,ASELS.IS,90,
12.06.2026 01:56,V13,REEDR.IS,88,
12.06.2026 01:56,V13,SAHOL.IS,86,
12.06.2026 02:05,V9,ODINE.IS,125,
12.06.2026 02:05,V9,KGYO.IS,118,
12.06.2026 02:05,V9,ETYAT.IS,115,
12.06.2026 02:05,V9,AYEN.IS,115,
12.06.2026 02:05,V9,SKBNK.IS,115,
12.06.2026 02:05,V9,AKCNS.IS,107,
12.06.2026 02:05,V9,AKFIS.IS,107,
12.06.2026 02:05,V9,DMRGD.IS,107,
12.06.2026 02:05,V9,GEDIK.IS,107,
12.06.2026 02:05,V9,GOKNR.IS,105,
12.06.2026 02:05,V13,SKBNK.IS,115,
12.06.2026 02:05,V13,MGROS.IS,98,
12.06.2026 02:05,V13,BIMAS.IS,92,
12.06.2026 02:05,V13,ASELS.IS,90,
12.06.2026 02:05,V13,REEDR.IS,88,
12.06.2026 02:05,V13,SAHOL.IS,86,
12.06.2026 02:22,V9,ODINE.IS,125,
12.06.2026 02:22,V9,KGYO.IS,118,
12.06.2026 02:22,V9,ETYAT.IS,115,
12.06.2026 02:22,V9,AYEN.IS,115,
12.06.2026 02:22,V9,SKBNK.IS,115,
12.06.2026 02:22,V9,AKCNS.IS,107,
12.06.2026 02:22,V9,AKFIS.IS,107,
12.06.2026 02:22,V9,DMRGD.IS,107,
12.06.2026 02:22,V9,GEDIK.IS,107,
12.06.2026 02:22,V9,GOKNR.IS,105,
12.06.2026 02:22,V13,SKBNK.IS,115,
12.06.2026 02:22,V13,MGROS.IS,98,
12.06.2026 02:22,V13,BIMAS.IS,92,
12.06.2026 02:22,V13,ASELS.IS,90,
12.06.2026 02:22,V13,REEDR.IS,88,
12.06.2026 02:22,V13,SAHOL.IS,86,
12.06.2026 09:53,V9,ODINE.IS,124,
12.06.2026 09:53,V9,SKBNK.IS,117,
12.06.2026 09:53,V9,KGYO.IS,116,
12.06.2026 09:53,V9,AYEN.IS,115,
12.06.2026 09:53,V9,ETYAT.IS,114,
12.06.2026 09:53,V9,MOGAN.IS,113,
12.06.2026 09:53,V9,AKFIS.IS,111,
12.06.2026 09:53,V9,SAFKR.IS,110,
12.06.2026 09:53,V9,DMRGD.IS,109,
12.06.2026 09:53,V9,MANAS.IS,108,
12.06.2026 09:53,V13,SKBNK.IS,117,
12.06.2026 09:53,V13,AKSA.IS,102,
12.06.2026 09:53,V13,BRSAN.IS,101,
12.06.2026 09:53,V13,MGROS.IS,97,
12.06.2026 09:53,V13,SAHOL.IS,93,
12.06.2026 09:53,V13,REEDR.IS,92,
12.06.2026 09:53,V13,BIMAS.IS,89,
12.06.2026 09:53,V13,SASA.IS,89,
12.06.2026 09:53,V13,ASELS.IS,87,
12.06.2026 09:53,V13,DAPGM.IS,85,
12.06.2026 10:02,V9,ODINE.IS,124,
12.06.2026 10:02,V9,SKBNK.IS,117,
12.06.2026 10:02,V9,KGYO.IS,116,
12.06.2026 10:02,V9,AYEN.IS,115,
12.06.2026 10:02,V9,ETYAT.IS,114,
12.06.2026 10:02,V9,MOGAN.IS,113,
12.06.2026 10:02,V9,AKFIS.IS,111,
12.06.2026 10:02,V9,SAFKR.IS,110,
12.06.2026 10:02,V9,DMRGD.IS,109,
12.06.2026 10:02,V9,MANAS.IS,108,
12.06.2026 10:02,V13,SKBNK.IS,117,
12.06.2026 10:02,V13,AKSA.IS,102,
12.06.2026 10:02,V13,BRSAN.IS,101,
12.06.2026 10:02,V13,MGROS.IS,97,
12.06.2026 10:02,V13,SAHOL.IS,93,
12.06.2026 10:02,V13,REEDR.IS,92,
12.06.2026 10:02,V13,BIMAS.IS,89,
12.06.2026 10:02,V13,SASA.IS,89,
12.06.2026 10:02,V13,ASELS.IS,87,
12.06.2026 10:02,V13,DAPGM.IS,85,
12.06.2026 11:34,V9,MGROS.IS,119,
12.06.2026 11:34,V9,SKBNK.IS,109,
12.06.2026 11:34,V9,SMRTG.IS,108,
12.06.2026 11:34,V9,ALARK.IS,107,
12.06.2026 11:34,V9,EREGL.IS,105,
12.06.2026 11:34,V9,AKSA.IS,105,
12.06.2026 11:34,V9,HALKB.IS,104,
12.06.2026 11:34,V9,HLGYO.IS,104,
12.06.2026 11:34,V9,EKGYO.IS,103,
12.06.2026 11:34,V9,KRDMD.IS,101,
12.06.2026 11:34,V13,DITAS.IS,98,
12.06.2026 11:34,V13,FONET.IS,90,
12.06.2026 11:34,V13,SURGY.IS,89,
12.06.2026 11:34,V13,GRSEL.IS,88,
12.06.2026 11:34,V13,QUAGR.IS,88,
12.06.2026 12:56,V9,BRSAN.IS,111,
12.06.2026 12:56,V9,KCAER.IS,110,
12.06.2026 12:56,V9,AKSA.IS,107,
12.06.2026 12:56,V9,SMRTG.IS,106,
12.06.2026 12:56,V9,ALARK.IS,105,
12.06.2026 12:56,V9,TTKOM.IS,105,
12.06.2026 12:56,V9,MTRKS.IS,104,
12.06.2026 12:56,V9,HALKB.IS,102,
12.06.2026 12:56,V9,REEDR.IS,102,
12.06.2026 12:56,V9,LINK.IS,102,
12.06.2026 12:56,V13,REEDR.IS,102,
12.06.2026 12:56,V13,BIMAS.IS,100,
12.06.2026 12:56,V13,DITAS.IS,92,
12.06.2026 12:56,V13,QUAGR.IS,92,
12.06.2026 12:56,V13,KFEIN.IS,86,
12.06.2026 14:15,V9,HALKB.IS,111,
12.06.2026 14:15,V9,LILAK.IS,107,
12.06.2026 14:15,V9,EBEBK.IS,107,
12.06.2026 14:15,V9,SMRTG.IS,104,
12.06.2026 14:15,V9,MGROS.IS,104,
12.06.2026 14:15,V9,TTKOM.IS,104,
12.06.2026 14:15,V9,POLHO.IS,104,
12.06.2026 14:15,V9,BIMAS.IS,103,
12.06.2026 14:15,V9,AKSA.IS,103,
12.06.2026 14:15,V9,ATATP.IS,102,
12.06.2026 14:15,V13,HALKB.IS,111,
12.06.2026 14:15,V13,BIMAS.IS,103,
12.06.2026 14:15,V13,ORGE.IS,101,
12.06.2026 14:15,V13,ASELS.IS,98,
12.06.2026 14:15,V13,KRDMD.IS,98,
12.06.2026 14:15,V13,KFEIN.IS,95,
12.06.2026 14:15,V13,AKCNS.IS,92,
12.06.2026 14:15,V13,TUKAS.IS,90,
12.06.2026 14:15,V13,BRLSM.IS,85,
12.06.2026 15:51,V9,LINK.IS,123,
12.06.2026 15:51,V9,AHGAZ.IS,115,
12.06.2026 15:51,V9,POLHO.IS,114,
12.06.2026 15:51,V9,BRSAN.IS,109,
12.06.2026 15:51,V9,SANFM.IS,109,
12.06.2026 15:51,V9,AZTEK.IS,108,
12.06.2026 15:51,V9,REEDR.IS,108,
12.06.2026 15:51,V9,LILAK.IS,107,
12.06.2026 15:51,V9,KFEIN.IS,106,
12.06.2026 15:51,V9,KCAER.IS,106,
12.06.2026 15:51,V13,LILAK.IS,107,
12.06.2026 15:51,V13,MGROS.IS,99,
12.06.2026 15:51,V13,BERA.IS,98,
12.06.2026 15:51,V13,KORDS.IS,95,
12.06.2026 15:51,V13,MOGAN.IS,95,
12.06.2026 16:49,V9,AHGAZ.IS,120,
12.06.2026 16:49,V9,RGYAS.IS,110,
12.06.2026 16:49,V9,LILAK.IS,109,
12.06.2026 16:49,V9,REEDR.IS,107,
12.06.2026 16:49,V9,ALKLC.IS,106,
12.06.2026 16:49,V9,CCOLA.IS,106,
12.06.2026 16:49,V9,GLYHO.IS,105,
12.06.2026 16:49,V9,EKSUN.IS,105,
12.06.2026 16:49,V9,BRMEN.IS,104,
12.06.2026 16:49,V9,KLNMA.IS,104,
12.06.2026 16:49,V13,CCOLA.IS,106,
12.06.2026 16:49,V13,SURGY.IS,103,
12.06.2026 16:49,V13,PASEU.IS,101,
12.06.2026 17:32,V9,REEDR.IS,118,
12.06.2026 17:32,V9,AHGAZ.IS,113,
12.06.2026 17:32,V9,LINK.IS,111,
12.06.2026 17:32,V9,RGYAS.IS,110,
12.06.2026 17:32,V9,SANFM.IS,108,
12.06.2026 17:32,V9,BRMEN.IS,104,
12.06.2026 17:32,V9,KLNMA.IS,104,
12.06.2026 17:32,V9,AKSA.IS,104,
12.06.2026 17:32,V9,CEMAS.IS,102,
12.06.2026 17:32,V9,ALKLC.IS,101,
12.06.2026 17:32,V13,AHGAZ.IS,113,
12.06.2026 17:32,V13,LINK.IS,111,
12.06.2026 17:32,V13,LILAK.IS,101,
12.06.2026 17:52,V9,RGYAS.IS,126,
12.06.2026 17:52,V9,AHGAZ.IS,118,
12.06.2026 17:52,V9,SANFM.IS,114,
12.06.2026 17:52,V9,LINK.IS,111,
12.06.2026 17:52,V9,LILAK.IS,109,
12.06.2026 17:52,V9,CEMAS.IS,108,
12.06.2026 17:52,V9,AKSA.IS,107,
12.06.2026 17:52,V9,DMRGD.IS,105,
12.06.2026 17:52,V9,BRMEN.IS,104,
12.06.2026 17:52,V9,KLNMA.IS,104,
12.06.2026 17:52,V13,LINK.IS,111,
12.06.2026 17:52,V13,LILAK.IS,109,
12.06.2026 19:49,V9,RGYAS.IS,124,
12.06.2026 19:49,V9,AKSA.IS,123,
12.06.2026 19:49,V9,LINK.IS,119,
12.06.2026 19:49,V9,REEDR.IS,113,
12.06.2026 19:49,V9,AZTEK.IS,113,
12.06.2026 19:49,V9,AHGAZ.IS,113,
12.06.2026 19:49,V9,ALCTL.IS,112,
12.06.2026 19:49,V9,AGESA.IS,109,
12.06.2026 19:49,V9,TTKOM.IS,109,
12.06.2026 19:49,V9,KCAER.IS,109,
12.06.2026 19:49,V13,LINK.IS,119,
12.06.2026 19:49,V13,LILAK.IS,105,
12.06.2026 19:49,V13,SURGY.IS,105,
12.06.2026 19:49,V13,LOGO.IS,96,
12.06.2026 20:55,V9,RGYAS.IS,124,
12.06.2026 20:55,V9,AKSA.IS,123,
12.06.2026 20:55,V9,LINK.IS,119,
12.06.2026 20:55,V9,REEDR.IS,113,
12.06.2026 20:55,V9,AZTEK.IS,113,
12.06.2026 20:55,V9,AHGAZ.IS,113,
12.06.2026 20:55,V9,ALCTL.IS,112,
12.06.2026 20:55,V9,AGESA.IS,109,
12.06.2026 20:55,V9,TTKOM.IS,109,
12.06.2026 20:55,V9,KCAER.IS,109,
12.06.2026 20:55,V13,LINK.IS,119,
12.06.2026 20:55,V13,LILAK.IS,105,
12.06.2026 20:55,V13,SURGY.IS,105,
12.06.2026 20:55,V13,LOGO.IS,96,
13.06.2026 23:05,V9,RGYAS.IS,124,
13.06.2026 23:05,V9,AKSA.IS,123,
13.06.2026 23:05,V9,LINK.IS,119,
13.06.2026 23:05,V9,REEDR.IS,113,
13.06.2026 23:05,V9,AZTEK.IS,113,
13.06.2026 23:05,V9,AHGAZ.IS,113,
13.06.2026 23:05,V9,ALCTL.IS,112,
13.06.2026 23:05,V9,AGESA.IS,109,
13.06.2026 23:05,V9,TTKOM.IS,109,
13.06.2026 23:05,V9,KCAER.IS,109,
13.06.2026 23:05,V13,LINK.IS,119,
13.06.2026 23:05,V13,LILAK.IS,105,
13.06.2026 23:05,V13,SURGY.IS,105,
13.06.2026 23:05,V13,LOGO.IS,96,
15.06.2026 09:56,V9,RGYAS.IS,124,
15.06.2026 09:56,V9,AKSA.IS,123,
15.06.2026 09:56,V9,LINK.IS,119,
15.06.2026 09:56,V9,REEDR.IS,113,
15.06.2026 09:56,V9,AZTEK.IS,113,
15.06.2026 09:56,V9,AHGAZ.IS,113,
15.06.2026 09:56,V9,ALCTL.IS,112,
15.06.2026 09:56,V9,AGESA.IS,109,
15.06.2026 09:56,V9,KCAER.IS,109,
15.06.2026 09:56,V9,ORGE.IS,108,
15.06.2026 09:56,V13,LINK.IS,119,
15.06.2026 09:56,V13,LILAK.IS,105,
15.06.2026 09:56,V13,SURGY.IS,105,
15.06.2026 09:56,V13,LOGO.IS,96,
15.06.2026 10:30,V9,LINK.IS,112,
15.06.2026 10:30,V9,MGROS.IS,110,
15.06.2026 10:30,V9,TRGYO.IS,110,
15.06.2026 10:30,V9,AHGAZ.IS,109,
15.06.2026 10:30,V9,DMRGD.IS,109,
15.06.2026 10:30,V9,SURGY.IS,109,
15.06.2026 10:30,V9,BRSAN.IS,108,
15.06.2026 10:30,V9,AZTEK.IS,107,
15.06.2026 10:30,V9,AKSA.IS,107,
15.06.2026 10:30,V9,MEDTR.IS,106,
15.06.2026 10:30,V13,LINK.IS,112,
15.06.2026 10:30,V13,AHGAZ.IS,109,
15.06.2026 10:30,V13,SURGY.IS,109,
15.06.2026 11:02,V9,MGROS.IS,117,
15.06.2026 11:02,V9,AEFES.IS,113,
15.06.2026 11:02,V9,IDGYO.IS,112,
15.06.2026 11:02,V9,HALKB.IS,111,
15.06.2026 11:02,V9,ORGE.IS,110,
15.06.2026 11:02,V9,TRGYO.IS,106,
15.06.2026 11:02,V9,BRSAN.IS,105,
15.06.2026 11:02,V9,METRO.IS,104,
15.06.2026 11:02,V9,SASA.IS,104,
15.06.2026 11:02,V9,AKSA.IS,104,
15.06.2026 11:02,V13,MGROS.IS,117,
15.06.2026 11:02,V13,AEFES.IS,113,
15.06.2026 11:02,V13,IDGYO.IS,112,
15.06.2026 11:26,V9,TRGYO.IS,109,
15.06.2026 11:26,V9,MGROS.IS,109,
15.06.2026 11:26,V9,AKSA.IS,108,
15.06.2026 11:26,V9,HLGYO.IS,108,
15.06.2026 11:26,V9,AEFES.IS,106,
15.06.2026 11:26,V9,HALKB.IS,106,
15.06.2026 11:26,V9,BERA.IS,103,
15.06.2026 11:26,V9,SASA.IS,102,
15.06.2026 11:26,V9,IDGYO.IS,102,
15.06.2026 11:26,V9,AKFIS.IS,101,
15.06.2026 11:26,V13,SASA.IS,102,
15.06.2026 11:26,V13,AKENR.IS,85,
15.06.2026 12:09,V9,MGROS.IS,114,
15.06.2026 12:09,V9,ODAS.IS,112,
15.06.2026 12:09,V9,IDGYO.IS,112,
15.06.2026 12:09,V9,RYGYO.IS,109,
15.06.2026 12:09,V9,TRGYO.IS,109,
15.06.2026 12:09,V9,AKFIS.IS,106,
15.06.2026 12:09,V9,KRPLS.IS,105,
15.06.2026 12:09,V9,AKSA.IS,105,
15.06.2026 12:09,V9,BOSSA.IS,105,
15.06.2026 12:09,V9,SASA.IS,103,
15.06.2026 12:09,V13,SASA.IS,103,
15.06.2026 12:09,V13,TKFEN.IS,92,
15.06.2026 13:00,V9,BERA.IS,112,
15.06.2026 13:00,V9,AKFIS.IS,111,
15.06.2026 13:00,V9,MGROS.IS,109,
15.06.2026 13:00,V9,AEFES.IS,107,
15.06.2026 13:00,V9,BRSAN.IS,106,
15.06.2026 13:00,V9,TRGYO.IS,103,
15.06.2026 13:00,V9,QUAGR.IS,102,
15.06.2026 13:00,V9,METRO.IS,102,
15.06.2026 13:00,V9,KOPOL.IS,100,
15.06.2026 13:00,V9,RGYAS.IS,99,
15.06.2026 13:00,V13,AKFIS.IS,111,
15.06.2026 13:00,V13,KRDMD.IS,98,
15.06.2026 13:00,V13,SASA.IS,98,
15.06.2026 13:53,V9,AKFIS.IS,112,
15.06.2026 13:53,V9,ATSYH.IS,109,
15.06.2026 13:53,V9,MAKIM.IS,105,
15.06.2026 13:53,V9,AEFES.IS,105,
15.06.2026 13:53,V9,ALFAS.IS,104,
15.06.2026 13:53,V9,SKBNK.IS,104,
15.06.2026 13:53,V9,SMRTG.IS,104,
15.06.2026 13:53,V9,ODAS.IS,102,
15.06.2026 13:53,V9,RYSAS.IS,102,
15.06.2026 13:53,V9,KLNMA.IS,100,
15.06.2026 13:53,V13,SMRTG.IS,104,
15.06.2026 13:53,V13,BMSTL.IS,93,
15.06.2026 13:53,V13,MANAS.IS,93,
15.06.2026 14:19,V9,RYSAS.IS,111,
15.06.2026 14:19,V9,AEFES.IS,108,
15.06.2026 14:19,V9,EUPWR.IS,105,
15.06.2026 14:19,V9,KRPLS.IS,102,
15.06.2026 14:19,V9,AKFIS.IS,101,
15.06.2026 14:19,V9,SKBNK.IS,100,
15.06.2026 14:19,V9,QUAGR.IS,100,
15.06.2026 14:19,V9,MAKIM.IS,100,
15.06.2026 14:19,V9,MGROS.IS,99,
15.06.2026 14:19,V9,YUNSA.IS,99,
15.06.2026 14:19,V13,AKFIS.IS,101,
15.06.2026 14:19,V13,TRGYO.IS,96,
15.06.2026 14:19,V13,HATSN.IS,87,
15.06.2026 15:53,V9,IDGYO.IS,113,
15.06.2026 15:53,V9,BAKAB.IS,112,
15.06.2026 15:53,V9,HLGYO.IS,110,
15.06.2026 15:53,V9,AEFES.IS,109,
15.06.2026 15:53,V9,YUNSA.IS,108,
15.06.2026 15:53,V9,AKCNS.IS,107,
15.06.2026 15:53,V9,FZLGY.IS,106,
15.06.2026 15:53,V9,ALARK.IS,104,
15.06.2026 15:53,V9,AVGYO.IS,104,
15.06.2026 15:53,V9,DAGI.IS,103,
15.06.2026 15:53,V13,AKCNS.IS,107,
15.06.2026 17:31,V9,QUAGR.IS,110,
15.06.2026 17:31,V9,GOKNR.IS,105,
15.06.2026 17:31,V9,HLGYO.IS,104,
15.06.2026 17:31,V9,PARSN.IS,103,
15.06.2026 17:31,V9,ALCTL.IS,103,
15.06.2026 17:31,V9,TRGYO.IS,102,
15.06.2026 17:31,V9,AZTEK.IS,100,
15.06.2026 17:31,V9,MANAS.IS,99,
15.06.2026 17:31,V9,DZGYO.IS,98,
15.06.2026 17:31,V9,TCKRC.IS,98,
15.06.2026 17:31,V13,MANAS.IS,99,
15.06.2026 17:31,V13,KGYO.IS,98,
15.06.2026 17:31,V13,AKCNS.IS,97,
15.06.2026 18:28,V9,RYSAS.IS,119,
15.06.2026 18:28,V9,TRGYO.IS,119,
15.06.2026 18:28,V9,AKCNS.IS,114,
15.06.2026 18:28,V9,IDGYO.IS,112,
15.06.2026 18:28,V9,KGYO.IS,112,
15.06.2026 18:28,V9,ALCTL.IS,110,
15.06.2026 18:28,V9,PSGYO.IS,106,
15.06.2026 18:28,V9,BASGZ.IS,106,
15.06.2026 18:28,V9,HLGYO.IS,105,
15.06.2026 18:28,V9,YUNSA.IS,105,
15.06.2026 18:28,V13,RYSAS.IS,119,
15.06.2026 18:28,V13,TRGYO.IS,119,
15.06.2026 18:28,V13,KGYO.IS,112,
15.06.2026 23:00,V9,RYSAS.IS,119,
15.06.2026 23:00,V9,TRGYO.IS,119,
15.06.2026 23:00,V9,AKCNS.IS,114,
15.06.2026 23:00,V9,IDGYO.IS,112,
15.06.2026 23:00,V9,KGYO.IS,112,
15.06.2026 23:00,V9,ALCTL.IS,110,
15.06.2026 23:00,V9,PSGYO.IS,106,
15.06.2026 23:00,V9,BASGZ.IS,106,
15.06.2026 23:00,V9,HLGYO.IS,105,
15.06.2026 23:00,V9,YUNSA.IS,105,
15.06.2026 23:00,V13,RYSAS.IS,119,
15.06.2026 23:00,V13,TRGYO.IS,119,
15.06.2026 23:00,V13,KGYO.IS,112,
16.06.2026 10:33,V9,GRTHO.IS,116,
16.06.2026 10:33,V9,KRDMD.IS,114,
16.06.2026 10:33,V9,MANAS.IS,104,
16.06.2026 10:33,V9,KNFRT.IS,102,
16.06.2026 10:33,V9,AEFES.IS,101,
16.06.2026 10:33,V9,AKCNS.IS,101,
16.06.2026 10:33,V9,ULUSE.IS,101,
16.06.2026 10:33,V9,VAKBN.IS,101,
16.06.2026 10:33,V9,PCILT.IS,101,
16.06.2026 10:33,V9,VAKKO.IS,100,
16.06.2026 10:33,V13,EKOS.IS,92,
16.06.2026 10:33,V13,KZBGY.IS,91,
16.06.2026 10:33,V13,SAYAS.IS,85,
16.06.2026 12:00,V9,BJKAS.IS,113,
16.06.2026 12:00,V9,PSGYO.IS,112,
16.06.2026 12:00,V9,FONET.IS,109,
16.06.2026 12:00,V9,EGPRO.IS,107,
16.06.2026 12:00,V9,IDGYO.IS,107,
16.06.2026 12:00,V9,GOKNR.IS,107,
16.06.2026 12:00,V9,CEMAS.IS,105,
16.06.2026 12:00,V9,ESCOM.IS,104,
16.06.2026 12:00,V9,ORGE.IS,103,
16.06.2026 12:00,V9,KRDMD.IS,103,
16.06.2026 12:00,V13,FONET.IS,109,
16.06.2026 12:00,V13,AHGAZ.IS,103,
16.06.2026 12:00,V13,ALKLC.IS,97,
16.06.2026 12:00,V13,EKOS.IS,92,
16.06.2026 13:28,V9,ESCOM.IS,111,
16.06.2026 13:28,V9,HALKB.IS,110,
16.06.2026 13:28,V9,SEKUR.IS,109,
16.06.2026 13:28,V9,BERA.IS,108,
16.06.2026 13:28,V9,GOKNR.IS,107,
16.06.2026 13:28,V9,PSGYO.IS,107,
16.06.2026 13:28,V9,AKFIS.IS,106,
16.06.2026 13:28,V9,MAKIM.IS,105,
16.06.2026 13:28,V9,ODAS.IS,104,
16.06.2026 13:28,V9,VAKBN.IS,104,
16.06.2026 13:28,V13,PSGYO.IS,107,
16.06.2026 13:28,V13,KZBGY.IS,96,
16.06.2026 13:28,V13,AHGAZ.IS,88,
16.06.2026 13:28,V13,EKOS.IS,87,
16.06.2026 13:28,V13,ASTOR.IS,86,
16.06.2026 13:28,V13,IZFAS.IS,86,
16.06.2026 14:42,V9,SEKUR.IS,114,
16.06.2026 14:42,V9,PSGYO.IS,109,
16.06.2026 14:42,V9,ALCTL.IS,109,
16.06.2026 14:42,V9,TARKM.IS,109,
16.06.2026 14:42,V9,EKSUN.IS,103,
16.06.2026 14:42,V9,ESCOM.IS,103,
16.06.2026 14:42,V9,PATEK.IS,102,
16.06.2026 14:42,V9,NETAS.IS,102,
16.06.2026 14:42,V9,LRSHO.IS,101,
16.06.2026 14:42,V9,KRDMA.IS,100,
16.06.2026 14:42,V13,AKSUE.IS,93,
16.06.2026 14:42,V13,ASTOR.IS,87,
16.06.2026 16:10,V9,ALCTL.IS,112,
16.06.2026 16:10,V9,MERCN.IS,111,
16.06.2026 16:10,V9,KZBGY.IS,108,
16.06.2026 16:10,V9,EREGL.IS,108,
16.06.2026 16:10,V9,PSGYO.IS,105,
16.06.2026 16:10,V9,BAKAB.IS,103,
16.06.2026 16:10,V9,AKFIS.IS,102,
16.06.2026 16:10,V9,TARKM.IS,101,
16.06.2026 16:10,V9,EBEBK.IS,101,
16.06.2026 16:10,V9,ASGYO.IS,100,
16.06.2026 16:10,V13,CWENE.IS,97,
16.06.2026 16:10,V13,MGROS.IS,96,
16.06.2026 16:10,V13,ASTOR.IS,92,
16.06.2026 16:10,V13,KRDMD.IS,90,
16.06.2026 17:27,V9,AKFIS.IS,115,
16.06.2026 17:27,V9,BERA.IS,114,
16.06.2026 17:27,V9,SEKUR.IS,109,
16.06.2026 17:27,V9,AYEN.IS,107,
16.06.2026 17:27,V9,ODAS.IS,107,
16.06.2026 17:27,V9,KOPOL.IS,104,
16.06.2026 17:27,V9,CVKMD.IS,103,
16.06.2026 17:27,V9,KARTN.IS,102,
16.06.2026 17:27,V9,KRDMB.IS,100,
16.06.2026 17:27,V9,DOAS.IS,99,
16.06.2026 17:27,V13,KRDMB.IS,100,
16.06.2026 17:27,V13,KZBGY.IS,90,
16.06.2026 20:47,V9,ULUSE.IS,121,
16.06.2026 20:47,V9,BERA.IS,116,
16.06.2026 20:47,V9,KOPOL.IS,113,
16.06.2026 20:47,V9,MTRKS.IS,112,
16.06.2026 20:47,V9,KAPLM.IS,112,
16.06.2026 20:47,V9,AKFIS.IS,111,
16.06.2026 20:47,V9,AKSUE.IS,111,
16.06.2026 20:47,V9,CVKMD.IS,110,
16.06.2026 20:47,V9,KRDMB.IS,109,
16.06.2026 20:47,V9,OBASE.IS,108,
16.06.2026 20:47,V13,KRDMB.IS,109,
16.06.2026 20:47,V13,TTKOM.IS,98,
16.06.2026 20:47,V13,DOHOL.IS,91,
16.06.2026 20:47,V13,KARSN.IS,91,
16.06.2026 20:47,V13,GEREL.IS,87,
16.06.2026 22:52,V9,ULUSE.IS,121,
16.06.2026 22:52,V9,BERA.IS,116,
16.06.2026 22:52,V9,KOPOL.IS,113,
16.06.2026 22:52,V9,MTRKS.IS,112,
16.06.2026 22:52,V9,KAPLM.IS,112,
16.06.2026 22:52,V9,AKFIS.IS,111,
16.06.2026 22:52,V9,AKSUE.IS,111,
16.06.2026 22:52,V9,TCELL.IS,110,
16.06.2026 22:52,V9,CVKMD.IS,110,
16.06.2026 22:52,V9,KRDMB.IS,109,
16.06.2026 22:52,V13,KRDMB.IS,109,
16.06.2026 22:52,V13,TTKOM.IS,98,
16.06.2026 22:52,V13,DOHOL.IS,91,
16.06.2026 22:52,V13,KARSN.IS,91,
16.06.2026 22:52,V13,GEREL.IS,87,
17.06.2026 10:05,V9,ULUSE.IS,121,
17.06.2026 10:05,V9,BERA.IS,116,
17.06.2026 10:05,V9,KOPOL.IS,113,
17.06.2026 10:05,V9,MTRKS.IS,112,
17.06.2026 10:05,V9,KAPLM.IS,112,
17.06.2026 10:05,V9,AKFIS.IS,111,
17.06.2026 10:05,V9,AKSUE.IS,111,
17.06.2026 10:05,V9,TCELL.IS,110,
17.06.2026 10:05,V9,CVKMD.IS,110,
17.06.2026 10:05,V9,KRDMB.IS,109,
17.06.2026 10:05,V13,KRDMB.IS,109,
17.06.2026 10:05,V13,TTKOM.IS,98,
17.06.2026 10:05,V13,DOHOL.IS,91,
17.06.2026 10:05,V13,KARSN.IS,91,
17.06.2026 10:05,V13,GEREL.IS,87,
17.06.2026 10:36,V9,GOKNR.IS,116,
17.06.2026 10:36,V9,HALKB.IS,116,
17.06.2026 10:36,V9,ULUSE.IS,114,
17.06.2026 10:36,V9,ESCAR.IS,108,
17.06.2026 10:36,V9,LILAK.IS,108,
17.06.2026 10:36,V9,ALCTL.IS,107,
17.06.2026 10:36,V9,GARFA.IS,106,
17.06.2026 10:36,V9,QUAGR.IS,106,
17.06.2026 10:36,V9,BERA.IS,106,
17.06.2026 10:36,V9,EGPRO.IS,106,
17.06.2026 10:36,V13,TKFEN.IS,102,
17.06.2026 10:36,V13,CWENE.IS,100,
17.06.2026 10:36,V13,BJKAS.IS,86,
17.06.2026 11:00,V9,AKFIS.IS,121,
17.06.2026 11:00,V9,LILAK.IS,113,
17.06.2026 11:00,V9,HALKB.IS,113,
17.06.2026 11:00,V9,GOKNR.IS,110,
17.06.2026 11:00,V9,TARKM.IS,108,
17.06.2026 11:00,V9,MAKIM.IS,107,
17.06.2026 11:00,V9,BERA.IS,107,
17.06.2026 11:00,V9,GARFA.IS,107,
17.06.2026 11:00,V9,KARTN.IS,107,
17.06.2026 11:00,V9,EGEPO.IS,106,
17.06.2026 11:00,V13,LILAK.IS,113,
17.06.2026 11:00,V13,TARKM.IS,108,
17.06.2026 11:00,V13,PATEK.IS,99,
17.06.2026 11:00,V13,BJKAS.IS,96,
17.06.2026 11:00,V13,TKFEN.IS,94,
17.06.2026 11:00,V13,GRSEL.IS,86,
17.06.2026 11:45,V9,AKFIS.IS,117,
17.06.2026 11:45,V9,HALKB.IS,108,
17.06.2026 11:45,V9,QUAGR.IS,107,
17.06.2026 11:45,V9,GOKNR.IS,107,
17.06.2026 11:45,V9,MIATK.IS,105,
17.06.2026 11:45,V9,LILAK.IS,104,
17.06.2026 11:45,V9,EGPRO.IS,104,
17.06.2026 11:45,V9,SKTAS.IS,102,
17.06.2026 11:45,V9,PAPIL.IS,102,
17.06.2026 11:45,V9,AHGAZ.IS,102,
17.06.2026 11:45,V13,AKFIS.IS,117,
17.06.2026 11:45,V13,LILAK.IS,104,
17.06.2026 11:45,V13,PATEK.IS,98,
17.06.2026 11:45,V13,HUNER.IS,97,
17.06.2026 11:45,V13,TKFEN.IS,93,
17.06.2026 11:45,V13,TARKM.IS,90,
17.06.2026 11:45,V13,SARKY.IS,89,
17.06.2026 12:50,V9,GEDIK.IS,106,
17.06.2026 12:50,V9,NETAS.IS,104,
17.06.2026 12:50,V9,AKFIS.IS,103,
17.06.2026 12:50,V9,HALKB.IS,103,
17.06.2026 12:50,V9,MRSHL.IS,102,
17.06.2026 12:50,V9,VKGYO.IS,101,
17.06.2026 12:50,V9,ODAS.IS,99,
17.06.2026 12:50,V9,AHGAZ.IS,98,
17.06.2026 12:50,V9,AGESA.IS,97,
17.06.2026 12:50,V9,TKFEN.IS,97,
17.06.2026 12:50,V13,TKFEN.IS,97,
17.06.2026 12:50,V13,LILAK.IS,92,
17.06.2026 12:50,V13,TSKB.IS,90,
17.06.2026 13:18,V9,NETAS.IS,108,
17.06.2026 13:18,V9,BVSAN.IS,107,
17.06.2026 13:18,V9,PCILT.IS,107,
17.06.2026 13:18,V9,TKFEN.IS,107,
17.06.2026 13:18,V9,ESCAR.IS,106,
17.06.2026 13:18,V9,AHGAZ.IS,106,
17.06.2026 13:18,V9,EGPRO.IS,106,
17.06.2026 13:18,V9,SEKUR.IS,104,
17.06.2026 13:18,V9,AGESA.IS,100,
17.06.2026 13:18,V9,HALKB.IS,100,
17.06.2026 13:18,V13,TKFEN.IS,107,
17.06.2026 13:18,V13,KARSN.IS,98,
17.06.2026 13:18,V13,LILAK.IS,94,
17.06.2026 13:18,V13,CVKMD.IS,90,
17.06.2026 13:18,V13,QUAGR.IS,87,
17.06.2026 13:24,V9,SEKUR.IS,118,
17.06.2026 13:24,V9,NETAS.IS,111,
17.06.2026 13:24,V9,PCILT.IS,107,
17.06.2026 13:24,V9,ESCAR.IS,106,
17.06.2026 13:24,V9,AHGAZ.IS,104,
17.06.2026 13:24,V9,EGPRO.IS,104,
17.06.2026 13:24,V9,BVSAN.IS,103,
17.06.2026 13:24,V9,AGESA.IS,103,
17.06.2026 13:24,V9,TARKM.IS,100,
17.06.2026 13:24,V9,BINHO.IS,98,
17.06.2026 13:24,V13,KARSN.IS,98,
17.06.2026 13:24,V13,TKFEN.IS,98,
17.06.2026 13:24,V13,LILAK.IS,91,
17.06.2026 13:24,V13,CVKMD.IS,89,
17.06.2026 13:24,V13,QUAGR.IS,89,
17.06.2026 13:24,V13,KTSKR.IS,87,
17.06.2026 13:36,V9,INFO.IS,116,
17.06.2026 13:36,V9,SEKUR.IS,115,
17.06.2026 13:36,V9,BVSAN.IS,108,
17.06.2026 13:36,V9,AHGAZ.IS,107,
17.06.2026 13:36,V9,ESCAR.IS,103,
17.06.2026 13:36,V9,PCILT.IS,102,
17.06.2026 13:36,V9,KTLEV.IS,101,
17.06.2026 13:36,V9,SNGYO.IS,98,
17.06.2026 13:36,V9,HALKB.IS,98,
17.06.2026 13:36,V9,TKFEN.IS,98,
17.06.2026 13:36,V13,ESCAR.IS,103,
17.06.2026 13:36,V13,TKFEN.IS,98,
17.06.2026 13:36,V13,KARSN.IS,96,
17.06.2026 13:36,V13,LILAK.IS,95,
17.06.2026 13:36,V13,QUAGR.IS,93,
17.06.2026 13:36,V13,CVKMD.IS,89,
17.06.2026 13:36,V13,GRTHO.IS,89,
17.06.2026 14:20,V9,TKFEN.IS,107,
17.06.2026 14:20,V9,KTLEV.IS,106,
17.06.2026 14:20,V9,SEKUR.IS,105,
17.06.2026 14:20,V9,NETAS.IS,105,
17.06.2026 14:20,V9,CVKMD.IS,102,
17.06.2026 14:20,V9,KOPOL.IS,102,
17.06.2026 14:20,V9,YKBNK.IS,101,
17.06.2026 14:20,V9,PATEK.IS,101,
17.06.2026 14:20,V9,CRDFA.IS,100,
17.06.2026 14:20,V9,TARKM.IS,100,
17.06.2026 14:20,V13,TKFEN.IS,107,
17.06.2026 14:20,V13,CVKMD.IS,102,
17.06.2026 14:20,V13,PATEK.IS,101,
17.06.2026 14:20,V13,LILAK.IS,95,
17.06.2026 14:20,V13,BVSAN.IS,91,
